IPO Name,Issue Open Date,Issue Close Date,Listing Date,Listing Exchange,Issue Price (Rs),Listing Price (Rs),Listing Gain (%),GMP ,Retail Subscription,NII Subscription,QIB Subscription,Issue Size (Rs.cr),Revenue (Rs),Profit (Rs),EPS,Promoter Holding (%),Lead Manager,Label
Narayana Hrudayalaya Ltd. IPO,12/17/2015,12/21/2015,1/6/2016,"BSE, NSE",250,291,16.40,41,1.89,3.62,24.43,613.08,1373.19,-12.11,Negative,35.09,Axis Bank,
Alkem Laboratories Ltd. IPO,12/8/2015,12/10/2015,12/23/2015,"BSE, NSE",1050,1380,31.43,330,4.24,61.28,63.56,"1,347.76",3964.2,460.75,38.54,53.8,Axis Capital,
Dr.Lal PathLabs Ltd. IPO,12/8/2015,12/10/2015,12/23/2015,"BSE, NSE",550,720,30.91,170,3.17,129.96,57.19,631.91,660,94,11.48,58.7,Citigroup Global,
S H Kelkar & Co.Ltd. IPO,10/28/2015,10/30/2015,11/16/2015,"BSE, NSE",180,222,23.33,42,1.98,87.38,25.55,508.17,832.41,63.88,5.34,71.72,JM Financial,
InterGlobe Aviation Ltd. IPO,10/27/2015,10/29/2015,11/10/2015,"BSE, NSE",765,856,11.90,91,0.92,3.57,17.8,"3,017.14",13924.47,1295.58,NA,85.9,Barclays Securities,
Coffee Day Enterprises Ltd. IPO,10/14/2015,10/16/2015,11/2/2015,"BSE, NSE",328,313,-4.57,-15,0.9,0.54,4.39,"1,150.00",2429.21,119.89,5.76,53.86,Axis Bank,
Sadbhav Infrastructure Project Ltd. IPO,8/31/2015,9/2/2015,9/16/2015,"BSE, NSE",103,111,7.77,8,0.34,1.42,0.88,491.66,489.26,-2126.33,Negative,73.91,Edelweiss Financial,
Prabhat Dairy Ltd. IPO,8/28/2015,9/4/2015,9/21/2015,"BSE, NSE",115,115,0.00,0,1.69,1.66,3.04,356.19,1023.77,45.45,4.86,50.59,Edelweiss Financial,
Shree Pushkar Chemicals & Fertilisers Ltd. IPO,8/25/2015,8/27/2015,9/10/2015,"BSE, NSE",65,87.5,34.62,22.5,0.41,1.44,2.2,70,277.63,29.56,13.06,69.76,Keynote Financial,
Pennar Engineered Building Systems Ltd. IPO,8/25/2015,8/27/2015,9/10/2015,"BSE, NSE",178,177.95,-0.03,-0.0500000000000114,1.54,2.09,0.97,156.19,599.41,35.78,4.09,52.28,Axis Bank,
Navkar Corp.Ltd. IPO,8/24/2015,8/26/2015,9/9/2015,"BSE, NSE",155,152,-1.94,-3,1.62,0.9,6.47,600,338.56,73.19,5.48,70.62,Axis Bank,
Power Mech Projects Ltd. IPO,8/7/2015,8/11/2015,8/26/2015,"BSE, NSE",640,600,-6.25,-40,3.42,133.22,27.53,273.22,1842.27,100.29,36.31,77.67,IIFL Capital,
Syngene International Ltd. IPO,7/27/2015,7/29/2015,8/11/2015,"BSE, NSE",250,295,18.00,45,4.78,90.24,51.47,550,853.51,158.05,8.8,74.65,Axis Bank,
Manpasand Beverages Ltd. IPO,6/24/2015,6/26/2015,7/9/2015,"BSE, NSE",320,291,-9.06,-29,1.16,0.38,1.98,400,556.76,45.19,11.23,56.66,ICICI Securities,
PNC Infratech Ltd. IPO,5/8/2015,5/12/2015,5/26/2015,"BSE, NSE",378,387,2.38,9,0.28,0.65,4.51,488.44,1489.15,85.57,3.12,62.72,ICICI Securities,
UFO Moviez India Ltd. IPO,4/28/2015,4/30/2015,5/14/2015,"BSE, NSE",625,630,0.80,5,1.02,1.17,4.49,600,479.34,48.81,NA,61.46,Axis Bank,
MEP Infrastructure Developers Ltd. IPO,4/21/2015,4/23/2015,5/6/2015,"BSE, NSE",63,65,3.17,2,0.97,1.51,1.02,324,1811.23,54.34,1.94,53.72,IDBI Capital Markets,
VRL Logistics Ltd. IPO,4/15/2015,4/17/2015,4/30/2015,"BSE, NSE",205,288,40.49,83,7.92,250.86,58.22,467.88,1600.27,78.49,9.4,69.8,HSBC Securities,
Inox Wind Ltd. IPO,3/18/2015,3/20/2015,4/9/2015,"BSE, NSE",325,400,23.08,75,2.15,35.38,35.68,"1,020.53",3197.66,321.19,19.33,73.1,Axis Bank,
Adlabs Entertainment Ltd. IPO,3/10/2015,3/12/2015,4/6/2015,"BSE, NSE",180,215,19.44,35,1.3,0.69,1.17,374.59,150.81,-77.42,Negative,53.54,Centrum Capital,
Ortel Communications Ltd. IPO,3/3/2015,3/5/2015,3/19/2015,"BSE, NSE",181,160,-11.60,-21,0.39,0.09,1,173.65,185.06,11.02,1.83,62,Kotak Mahindra Capital,
Laurus Labs Ltd. IPO,12/6/2016,12/8/2016,12/19/2016,"BSE, NSE",428,489,14.25,61,1.58,3.57,10.54,"1,330.51","1,784.00",133.00,13.40,30.60,Citigroup Global,
Sheela Foam Ltd. IPO,11/29/2016,12/1/2016,12/9/2016,"BSE, NSE",730,840,15.07,110,0.44,3.35,14.51,510,"1,555.00",161.00,18.33,51.09,Edelweiss Financial,
Varun Beverages Ltd. IPO,10/26/2016,10/28/2016,11/8/2016,"BSE, NSE",445,445,0.00,0,0.82,0.42,4.94,"1,112.50","3,371.74",92.67,5.39,70.81,Axis Capital,
PNB Housing Finance Ltd. IPO,10/25/2016,10/27/2016,11/7/2016,"BSE, NSE",775,860,10.97,85,1.32,86.17,37.33,"3,000.00","2,697.00",326.00,21.57,38.31,BOFA Securities,
Endurance Technologies Ltd. IPO,10/5/2016,10/7/2016,10/19/2016,"BSE, NSE",472,1200,154.24,728,2.69,127.07,53.43,"1,161.73","4,849.00",291.00,20.73,74.55,Axis Capital,
HPL Electric & Power Ltd. IPO,9/22/2016,9/26/2016,10/4/2016,"BSE, NSE",202,190,-5.94,-12,3.31,22.2,5.77,361,"1,114.00",46.00,10.03,40.52,ICICI Securities,
ICICI Prudential Life Insurance Co.Ltd. IPO,9/19/2016,9/21/2016,9/29/2016,"BSE, NSE",334,330,-1.20,-4,1.42,28.55,11.83,"6,056.79","20,314.00","1,653.00",11.54,67.58,BOFA Securities,
GNA Axles Ltd. IPO,9/14/2016,9/16/2016,9/26/2016,"BSE, NSE",207,262.5,26.81,55.5,11.84,217.47,17.18,130.41,505.47,30.07,14.16,57.77,Ambit,
L&T Technology Services Ltd. IPO,9/12/2016,9/15/2016,9/23/2016,"BSE, NSE",860,920,6.98,60,1.74,1.03,5.01,894.4,"3,267.80",477.30,47.34,83.43,BOFA Securities,
RBL Bank Ltd. IPO,8/19/2016,8/23/2016,8/31/2016,"BSE, NSE",225,274,21.78,49,5.7,198.06,85.08,"1,212.97","3,234.80",292.00,7.73,0.00,Axis Bank,
S.P.Apparels Ltd. IPO,8/2/2016,8/4/2016,8/12/2016,"BSE, NSE",268,265,-1.12,-3,1.9,5.1,2.21,239.12,548.00,32.00,14.16,62.64,Centrum Capital,
Dilip Buildcon Ltd. IPO,8/1/2016,8/3/2016,8/11/2016,"BSE, NSE",219,214.9,-1.87,-4.09999999999999,2.35,79.64,9.76,653.98,"4,385.74",268.32,33.62,75.00,Axis Capital,
Advanced Enzyme Technologies Ltd. IPO,7/20/2016,7/22/2016,8/1/2016,"BSE, NSE",896,841,-6.14,-55,11.67,393.1,94.03,411.49,278.41,78.00,7.47,43.95,Axis Capital,
Larsen & Toubro Infotech Ltd. IPO (L&T Infotech IPO),7/11/2016,7/13/2016,7/21/2016,"BSE, NSE",710,710,0.00,0,7.39,10.76,19.91,"1,236.38","5,851.80",923.60,54.88,84.66,Citigroup Global,
Quess Corp Ltd. IPO,6/29/2016,7/1/2016,7/12/2016,"BSE, NSE",317,499,57.41,182,31.23,392.21,59.02,400,"3,442.50",105.50,13.88,74.88,Axis Capital,
Mahanagar Gas Ltd. IPO,6/21/2016,6/23/2016,7/1/2016,"BSE, NSE",421,520,23.52,99,6.82,191.61,72.84,"1,038.88","2,126.00",306.40,31.02,32.50,Citigroup Global,
Parag Milk Foods Ltd. IPO,5/4/2016,5/11/2016,5/19/2016,"BSE, NSE",215,215,0.00,0,2.12,3.08,1.15,750.54,"1,407.95",65.80,6.97,46.61,Dam Capital,
Ujjivan Financial Services Ltd. IPO,4/28/2016,5/2/2016,5/10/2016,"BSE, NSE",210,231.7,10.33,21.7,4.02,135.45,33.84,882.5,"1,057.00",207.90,20.06,44.59,Axis Capital,
Thyrocare Technologies Ltd. IPO,4/27/2016,4/29/2016,5/9/2016,"BSE, NSE",446,660,47.98,214,8.73,225.3,73.18,479.21,250.00,51.20,8.77,65.25,Edelweiss Financial,
Equitas Holdings Ltd. IPO,4/5/2016,4/7/2016,4/21/2016,"BSE, NSE",110,145,31.82,35,1.4,57.29,14.93,"2,176.68","1,110.93",106.33,3.17,2.50,Axis Bank,
Infibeam Incorporation Ltd. IPO,3/21/2016,3/23/2016,4/4/2016,"BSE, NSE",432,43.2,-90.00,-388.8,1.31,2.23,0.86,450,288.75,31.39,3.59,40.64,Elara Capital,
Bharat Wire Ropes Ltd. IPO,3/18/2016,3/22/2016,4/1/2016,"BSE, NSE",45,48.5,7.78,3.5,2.08,2.02,1.01,70,476.99,30.22,12.33,46.20,BOB Capital Markets,
Healthcare Global Enterprises Ltd. IPO,3/16/2016,3/18/2016,3/30/2016,"BSE, NSE",218,210,-3.67,-8,0.83,0.43,2.36,649.64,599.93,-10.82,Negative,44.82,Edelweiss Financial,
Quick Heal Technologies Ltd. IPO,2/8/2016,2/10/2016,2/18/2016,"BSE, NSE",321,310,-3.43,-11,3.82,36.69,4.34,451.25,298.67,65.73,12.56,83.20,ICICI Securities,
TeamLease Services Ltd. IPO,2/2/2016,2/4/2016,2/12/2016,"BSE, NSE",850,905,6.47,55,10.61,185.24,26.97,423.68,"2,000.75",35.00,20.69,33.70,Credit Suisse Securities,
Precision Camshafts Ltd. IPO,1/27/2016,1/29/2016,2/8/2016,"BSE, NSE",186,185,-0.54,-1,2.01,0.73,2.62,410.19,544.11,48.24,5.16,58.11,HDFC Bank,
Astron Paper & Board Mill Ltd. IPO,12/15/2017,12/20/2017,12/29/2017,"BSE, NSE",50,114,128.00,64,73.32,396.99,103.35,69.83,373.91,27.64,10.64,33.43,Pantomath Capital,
Future Supply Chain Solutions Ltd. IPO,12/6/2017,12/8/2017,12/18/2017,"BSE, NSE",664,664,0.00,0,3.28,11.15,12.36,649.7,661.34,44.75,11.45,56.62,IDFC Bank,
Shalby Ltd. IPO,12/5/2017,12/7/2017,12/15/2017,"BSE, NSE",248,248,0.00,0,2.98,0.42,4.34,504.8,371.36,60.15,6.05,88.08,Edelweiss Financial,
HDFC Standard Life Insurance Co.Ltd. IPO,11/7/2017,11/9/2017,11/17/2017,"BSE, NSE",290,317,9.31,27,0.91,2.29,16.6,"8,695.01",19438.35,877.01,4.44,75.3,CLSA,
Khadim India Ltd. IPO,11/2/2017,11/6/2017,11/14/2017,"BSE, NSE",750,750,0.00,0,2.34,0.18,2.45,543.06,622.11,37,9.38,78.43,Axis Bank,
"New India Assurance Co.Ltd.,The IPO",11/1/2017,11/3/2017,11/13/2017,"BSE, NSE",800,800,0.00,0,0.11,0.11,2.34,"9,585.82",25273.65,1942.5,6.52,85.44,Axis Bank,
Mahindra Logistics Ltd. IPO,10/31/2017,11/2/2017,11/10/2017,"BSE, NSE",429,432,0.70,3,6.1,2.07,15.6,828.88,2752.54,47.38,6.2,70.78,Axis Bank,
Reliance Nippon Life Asset Management Ltd. IPO,10/25/2017,10/27/2017,11/6/2017,"BSE, NSE",252,259,2.78,7,5.65,209.44,118.4,"1,542.24",1581.56,398.24,6.5,86.84,Axis Capital,
General Insurance Corp.of India IPO (GIC IPO),10/11/2017,10/13/2017,10/25/2017,"BSE, NSE",912,850,-6.80,-62,0.63,0.22,2.25,"11,256.83",27872.41,3124.96,17.61,85.8,Axis Capital,
Indian Energy Exchange Ltd. IPO,10/9/2017,10/11/2017,10/23/2017,"BSE, NSE",1650,1650,0.00,0,2.61,0.85,2.56,"1,000.73",227.18,134.4,12.56,0,Axis Bank,
MAS Financial Services Ltd. IPO,10/6/2017,10/10/2017,10/18/2017,"BSE, NSE",459,471,2.61,12,15.97,378.53,148.33,460.04,365.25,68.91,13.6,77.29,Motilal Oswal Investment,
Godrej Agrovet Ltd. IPO,10/4/2017,10/6/2017,10/16/2017,"BSE, NSE",460,621,35.00,161,7.16,236.04,150.96,"1,157.31",4960.98,265.86,14.92,65.5,Axis Capital,
Prataap Snacks Ltd. IPO,9/22/2017,9/26/2017,10/5/2017,"BSE, NSE",938,1325,41.26,387,8.48,101.15,76.89,481.6,932.9,25.12,13.84,52.88,Edelweiss Financial,
SBI Life Insurance Co.Ltd. IPO,9/20/2017,9/22/2017,10/3/2017,"BSE, NSE",700,733.3,4.76,33.3,0.81,0.7,12.56,"8,388.73",32863.07,954.67,9.55,70.1,Axis Capital,
ICICI Lombard General Insurance Co.Ltd. IPO,9/15/2017,9/19/2017,9/27/2017,"BSE, NSE",661,661,0.00,0,1.23,0.83,8.17,"5,700.94",7180,642,14.28,86.5,CLSA,
Capacit'e Infraprojects Ltd. IPO,9/13/2017,9/15/2017,9/25/2017,"BSE, NSE",250,399,59.60,149,17.57,638.05,131.32,400,1643.34,74.06,14.99,59.88,Axis Capital,
Matrimony.com Ltd. IPO,9/11/2017,9/13/2017,9/21/2017,"BSE, NSE",985,985,0.00,0,18.16,0.41,1.88,496.88,292,43.5,18.17,58.11,Axis Capital,
Dixon Technologies (India) Ltd. IPO,9/6/2017,9/8/2017,9/18/2017,"BSE, NSE",1766,2760,56.29,994,5.69,1.63,1.33,599.28,1691.01,45.42,48.85,53.68,IDFC Bank,
Bharat Road Network Ltd. IPO,9/6/2017,9/8/2017,9/18/2017,"BSE, NSE",205,210,2.44,5,10.6,345.61,134.66,600.65,130.4,-152.82,Negative,60.12,Investec Capital,
Apex Frozen Foods Ltd. IPO,8/22/2017,8/24/2017,9/4/2017,"BSE, NSE",175,185,5.71,10,8.53,7.82,1.91,152.25,730,49.37,13.04,74.88,Karvy Investor Services,
Cochin Shipyard Ltd. IPO,8/1/2017,8/3/2017,8/11/2017,"BSE, NSE",432,490,13.43,58,8.51,288.87,63.51,"1,442.93",2128.53,311.08,24.51,75,Edelweiss Financial,
Security & Intelligence Services (India) Ltd. IPO (SIS IPO),7/31/2017,8/2/2017,8/10/2017,"BSE, NSE",815,875,7.36,60,19.51,1.66,5.64,779.58,4582.52,148.8,15.54,69.34,Axis Capital,
Salasar Techno Engineering Ltd. IPO,7/12/2017,7/17/2017,7/25/2017,"BSE, NSE",108,250,131.48,142,58.92,478.39,"9,999.00",35.95,290,24.5,6.48,64.9,Sarthi Capital,
AU Small Finance Bank Ltd. IPO,6/28/2017,6/30/2017,7/10/2017,"BSE, NSE",358,375,4.75,17,3.52,143.51,78.77,"1,912.51",1363.88,277.12,10.6,31.97,Citigroup Global,
GTPL Hathway Ltd. IPO,6/21/2017,6/23/2017,7/4/2017,"BSE, NSE",170,100,-41.18,-70,0.99,2.85,1.48,484.8,1324.96,45.09,5.53,75.33,BNP Paribas,
Central Depository Services (India) Ltd. IPO (CDSL IPO),6/19/2017,6/21/2017,6/30/2017,NSE,149,295,97.99,146,23.83,563.03,148.71,523.99,185.08,85.5,7.86,24,Axis Capital,
Eris Lifesciences Ltd. IPO,6/16/2017,6/20/2017,6/29/2017,"BSE, NSE",603,601,-0.33,-2,3.51,0.45,4.68,"1,740.49",838,212,18.66,58.42,Axis Capital,
Tejas Networks Ltd. IPO,6/14/2017,6/16/2017,6/27/2017,"BSE, NSE",257,262,1.95,5,3.1,0.48,2.16,776.69,819,108,13.5,33.19,Axis Capital,
PSP Projects Ltd. IPO,5/17/2017,5/19/2017,5/29/2017,"BSE, NSE",210,250,19.05,40,6.47,10.39,8.38,211.68,480.93,30.29,14.65,74.84,Karvy Investor Services,
Housing & Urban Development Corp.Ltd. IPO (HUDCO IPO),5/8/2017,5/11/2017,5/19/2017,"BSE, NSE",60,73.4,22.33,13.4,10.79,330.36,55.45,"1,209.78",3350.08,810.61,3.88,89.81,ICICI Securities,
S.Chand & Co.Ltd. IPO,4/26/2017,4/28/2017,5/9/2017,"BSE, NSE",670,670,0.00,0,6.07,204.65,44.27,728.56,1130,197.8,3.5,70.97,Axis Bank,
Shankara Building Products Ltd. IPO,3/22/2017,3/24/2017,4/5/2017,"BSE, NSE",460,548,19.13,88,15.35,90.68,51.62,345,2330,50,27.31,53.66,Equirus Capital,
CL Educate Ltd. IPO,3/20/2017,3/22/2017,3/31/2017,"BSE, NSE",502,505,0.60,3,1.63,0.21,3.65,238.95,299,23.32,8.05,48.06,Kotak Mahindra Capital,
Avenue Supermarts Ltd. IPO,3/8/2017,3/10/2017,3/21/2017,"BSE, NSE",299,604.4,102.14,305.4,7.3,277.74,144.61,"1,870.00",10009.68,387.49,6.97,82.2,Axis Capital,
Music Broadcast Ltd. IPO,3/6/2017,3/8/2017,3/17/2017,"BSE, NSE",333,345,3.60,12,9.85,109.13,39.78,488.53,279.8,33.3,5.9,75,ICICI Securities,
BSE Ltd. IPO,1/23/2017,1/25/2017,2/3/2017,NSE,806,1085,34.62,279,6.48,159.03,48.64,"1,243.43",622.14,248.98,24.72,0,Axis Capital,
Garden Reach Shipbuilders & Engineers Ltd. IPO,9/24/2018,10/1/2018,10/10/2018,"BSE, NSE",118,103.2,-12.54,-14.8,0.24,0.31,1.81,343.59,1308.2,124.6,10.95,74.5,IDBI Capital Markets,
IRCON International Ltd. IPO,9/17/2018,9/19/2018,9/28/2018,"BSE, NSE",475,430,-9.47,-45,9.66,4.92,12.29,466.93,3809.8,398.3,8.07,89.73,Axis Capital,
CreditAccess Grameen Ltd. IPO,8/8/2018,8/10/2018,8/23/2018,"BSE, NSE",422,408,-3.32,-14,0.87,0.98,5.52,"1,131.19",848,123.6,11,73.3,Credit Suisse Securities,
HDFC Asset Management Co.Ltd. IPO (HDFC AMC IPO),7/25/2018,7/27/2018,8/6/2018,"BSE, NSE",1100,1739,58.09,639,6.57,195.15,192.26,"2,800.33",1768.9,721.4,34,74.96,Axis Capital,
TCNS Clothing Co.Ltd. IPO,7/18/2018,7/20/2018,7/30/2018,"BSE, NSE",716,700,-2.23,-16,0.57,5.08,13.47,"1,125.13",880,107.7,16.7,33.6,Citigroup Global,
Varroc Engineering Ltd. IPO,6/26/2018,6/28/2018,7/6/2018,"BSE, NSE",967,967,0.00,0,0.84,2.45,9.15,"1,955.18",11940.6,399.7,29.5,74.58,Citigroup Global,
Fine Organic Industries Ltd. IPO,6/20/2018,6/22/2018,7/2/2018,"BSE, NSE",783,828,5.75,45,14.24,194.56,71.71,600.17,730.8,72.5,23.63,75,Edelweiss Financial,
RITES Ltd. IPO,6/20/2018,6/22/2018,7/2/2018,"BSE, NSE",185,190,2.70,5,1.19,21,12.85,460.51,1691,355.7,14.23,87.4,Elara Capital,
IndoStar Capital Finance Ltd. IPO,5/9/2018,5/11/2018,5/21/2018,"BSE, NSE",572,572,0.00,0,1.17,6.91,16.08,"1,844.00",1114.7,264.9,24.7,60,JM Financial,
Lemon Tree Hotels Ltd. IPO,3/26/2018,3/28/2018,4/9/2018,"BSE, NSE",56,51,-8.93,-5,0.12,0.12,3.88,"1,038.68",498.8,-36.6,Negative,39.52,CLSA,
ICICI Securities Ltd. IPO,3/22/2018,3/26/2018,4/4/2018,"BSE, NSE",520,435,-16.35,-85,0.89,0.36,1.04,"3,480.12",1757.2,447.8,14.12,79.31,BOFA Securities,
Mishra Dhatu Nigam Ltd. IPO,3/21/2018,3/23/2018,4/4/2018,"BSE, NSE",90,95,5.56,5,0.72,0.13,1.96,435.02,643,111.4,5.96,74,IDBI Capital Markets,
Sandhar Technologies Ltd. IPO,3/19/2018,3/21/2018,4/2/2018,"BSE, NSE",332,344,3.61,12,1.31,6.39,14.5,512.48,1970,80.2,12.3,46.4,Axis Capital,
Karda Constructions Ltd. IPO,3/16/2018,3/21/2018,4/2/2018,"BSE, NSE",180,180,0.00,0,2.01,3.44,1.55,77.4,72.2,11.5,3.58,71.95,Aryaman Financial,
Hindustan Aeronautics Ltd. IPO,3/16/2018,3/20/2018,3/28/2018,"BSE, NSE",1215,1175,-3.29,-40,0.39,0.03,1.73,"4,063.31",17411,2070.3,61.3,89.97,Axis Capital,
Bandhan Bank Ltd. IPO,3/15/2018,3/19/2018,3/27/2018,"BSE, NSE",375,485,29.33,110,1.06,13.89,38.68,"4,473.02",4320.3,1348.6,11.84,82.28,Axis Bank,
Bharat Dynamics Ltd. IPO,3/13/2018,3/15/2018,3/23/2018,"BSE, NSE",428,340,-20.56,-88,1.37,0.5,1.5,952.25,5127.1,328.6,9.8,87.75,IDBI Capital Markets,
H.G.Infra Engineering Ltd. IPO,2/26/2018,2/28/2018,3/9/2018,"BSE, NSE",270,270,0.00,0,3.08,4.97,8.37,462,970.3,49.3,7.55,74.05,HDFC Bank,
Aster DM Healthcare Ltd. IPO,2/12/2018,2/15/2018,2/26/2018,"BSE, NSE",190,190,0.00,0,1.18,0.55,2.1,980.14,6231,-192.1,Negative,41.8,Axis Bank,
Galaxy Surfactants Ltd. IPO,1/29/2018,1/31/2018,2/8/2018,"BSE, NSE",1480,1550,4.73,70,5.92,6.96,54.27,937.09,2763,191,53.87,72.96,Edelweiss Financial,
Amber Enterprises India Ltd. IPO,1/17/2018,1/19/2018,1/30/2018,"BSE, NSE",859,855,-0.47,-4,11.57,519.26,174.99,599.6,2106,71.7,25.04,40.54,BNP Paribas,
Newgen Software Technologies Ltd. IPO,1/16/2018,1/18/2018,1/29/2018,"BSE, NSE",245,253,3.27,8,5.18,5.52,15.62,424.62,466.8,95.9,15.55,55.02,ICICI Securities,
Apollo Micro Systems Ltd. IPO,1/10/2018,1/12/2018,1/22/2018,"BSE, NSE",275,47,-82.91,-228,40.19,958.07,101.93,156,202.9,15.6,6.97,59.57,Aryaman Financial,
Prince Pipes & Fittings Ltd. IPO,12/18/2019,12/20/2019,12/30/2019,"BSE, NSE",178,160,-10.11,-18,1.89,1.21,3.54,500,1586.1,57,5.15,60.94,Edelweiss Financial,
Ujjivan Small Finance Bank Ltd. IPO,12/2/2019,12/4/2019,12/12/2019,"BSE, NSE",37,58,56.76,21,48.97,473,110.72,745.95,2755.7,199.1,2.15,83.33,IIFL Capital,
CSB Bank Ltd. IPO,11/22/2019,11/26/2019,12/4/2019,"BSE, NSE",195,275,41.03,80,44.46,164.68,62.18,409.68,1482,48,4.09,50.1,Axis Capital,
Vishwaraj Sugar Industries Ltd. IPO,9/30/2019,10/4/2019,10/15/2019,"BSE, NSE",60,60,0.00,0,0.64,1.76,1,60,313.6,17.6,8.5,40,Aryaman Financial,
Indian Railway Catering & Tourism Corp.Ltd. IPO (IRCTC IPO),9/30/2019,10/3/2019,10/14/2019,"BSE, NSE",320,626,95.63,306,14.83,354.52,108.79,637.97,1956.7,272.6,17,87.4,IDBI Capital Markets,
Sterling & Wilson Solar Ltd. IPO,8/6/2019,8/8/2019,8/20/2019,"BSE, NSE",780,700,-10.26,-80,0.3,0.89,1.02,"2,849.64",8240.2,583.5,30.6,75.11,Axis Capital,
Spandana Sphoorty Financial Ltd. IPO,8/5/2019,8/7/2019,8/19/2019,"BSE, NSE",856,850,-0.70,-6,0.09,0.55,3.11,"1,189.85",1180,303,50.7,60,Axis Capital,
Affle (India) Ltd. IPO,7/29/2019,7/31/2019,8/8/2019,"BSE, NSE",745,925,24.16,180,10.94,198.69,55.31,459,251.5,40.5,10.3,58.55,ICICI Securities,
IndiaMART InterMESH Ltd. IPO,6/24/2019,6/26/2019,7/4/2019,"BSE, NSE",973,1181,21.38,208,14.07,62.13,30.83,475.49,643,20,7.14,53.3,Edelweiss Financial,
Neogen Chemicals Ltd. IPO,4/24/2019,4/26/2019,5/8/2019,"BSE, NSE",215,251,16.74,36,15.86,113.88,30.49,132.35,215.8,15.6,7.1,61.01,Batlivala & Karani,
Polycab India Ltd. IPO,4/5/2019,4/9/2019,4/16/2019,"BSE, NSE",538,548,1.86,10,4.5,110.42,92.44,"1,345.26",6940.7,523.6,37.6,68.79,Axis Capital,
Metropolis Healthcare Ltd. IPO,4/3/2019,4/5/2019,4/15/2019,"BSE, NSE",880,960,9.09,80,2.15,3.03,8.88,"1,204.29",762,121.7,23.9,41.43,Credit Suisse Securities,
Rail Vikas Nigam Ltd. IPO,3/29/2019,4/3/2019,4/11/2019,"BSE, NSE",19,19,0.00,0,2.92,0.8,1.36,476.86,9331,743,3.55,87.84,Elara Capital,
MSTC Ltd. IPO,3/13/2019,3/20/2019,3/29/2019,"BSE, NSE",120,111,-7.50,-9,2.95,2.15,1.13,211.04,363,112,15.9,89.98,Equirus Capital,
Chalet Hotels Ltd. IPO,1/29/2019,1/31/2019,2/7/2019,"BSE, NSE",280,298,6.43,18,0.03,1.1,4.66,"1,641.18",1069,102.5,5,71.18,Axis Capital,
Xelpmoc Design & Tech Ltd. IPO,1/23/2019,1/25/2019,2/4/2019,"BSE, NSE",66,66,0.00,0,2.64,7.69,1.24,23,15.6,-1.2,Negative,26.88,ITI Capital,
Antony Waste Handling Cell Ltd. IPO,12/21/2020,12/23/2020,1/1/2021,"BSE, NSE",315,430,36.51,115,16.55,18.69,9.67,299.99,450.5,62,23.3,32.96,Equirus Capital,
Mrs.Bectors Food Specialities Ltd. IPO,12/15/2020,12/17/2020,12/24/2020,"BSE, NSE",288,501,73.96,213,29.33,620.86,176.85,540.54,762,30.4,5.1,49.04,ICICI Securities,
Burger King India Ltd. IPO,12/2/2020,12/4/2020,12/14/2020,"BSE, NSE",60,60,0.00,0,68.15,354.11,86.64,810,841.2,-76.4,Negative,52.93,CLSA,
Gland Pharma Ltd. IPO,11/9/2020,11/11/2020,11/20/2020,"BSE, NSE",1500,1710,14.00,210,0.24,0.51,6.4,"6,479.55",2633.2,772.8,46.8,51.83,Citigroup Global,
Equitas Small Finance Bank Ltd. IPO,10/20/2020,10/22/2020,11/2/2020,"BSE, NSE",33,31,-6.06,-2,2.08,0.22,3.91,517.6,3892,243.6,4.29,81.75,Edelweiss Financial,
Likhitha Infrastructure Ltd. IPO,9/29/2020,10/7/2020,10/15/2020,"BSE, NSE",120,120,0.00,0,23.71,1.54,21.99,61.2,157,20,10.1,73.49,Unistone Capital,
UTI Asset Management Co.Ltd. IPO (UTI AMC IPO),9/29/2020,10/1/2020,10/12/2020,"BSE, NSE",554,490,-11.55,-64,2.32,0.93,3.34,"2,159.88",482.7,277.6,21.8,0,Axis Capital,
Mazagon Dock Shipbuilders Ltd. IPO,9/29/2020,10/1/2020,10/12/2020,"BSE, NSE",145,215,48.28,70,35.63,678.88,89.71,443.69,4898,477.1,24.33,89.84,Axis Capital,
Angel Broking Ltd. IPO,9/22/2020,9/24/2020,10/5/2020,"BSE, NSE",306,275,-10.13,-31,4.31,0.69,5.74,600,710,87,11.2,43.91,Edelweiss Financial,
Computer Age Management Services Ltd. IPO (CAMS IPO),9/21/2020,9/23/2020,10/1/2020,BSE,1230,1500,21.95,270,5.54,111.85,73.18,"2,243.12",711.6,154.6,32.5,31.02,HDFC Bank,
Chemcon Speciality Chemicals Ltd. IPO,9/21/2020,9/23/2020,10/1/2020,"BSE, NSE",340,731,115.00,391,41.15,449.14,113.54,318,266.3,49.3,13.5,74.5,Ambit,
Route Mobile Ltd. IPO,9/9/2020,9/11/2020,9/21/2020,"BSE, NSE",350,708,102.29,358,12.67,192.81,89.76,600,977.7,79.2,16.5,64.12,Axis Capital,
Happiest Minds Technologies Ltd. IPO,9/7/2020,9/9/2020,9/17/2020,"BSE, NSE",166,351,111.45,185,70.94,351.46,77.43,702.02,698.2,71.7,5.4,53.25,ICICI Securities,
Rossari Biotech Ltd. IPO,7/13/2020,7/15/2020,7/23/2020,"BSE, NSE",425,826,94.35,401,7.23,239.83,85.26,496.25,603.8,65.3,13.04,73.34,Axis Bank,
SBI Cards & Payment Services Ltd. IPO,3/2/2020,3/5/2020,3/16/2020,"BSE, NSE",755,661.25,-12.42,-93.75,2.5,45.23,57.18,"10,340.79",9807,1245,13.5,68.59,Axis Capital,
CMS Info Systems Ltd. IPO,12/21/2021,12/23/2021,12/31/2021,"BSE, NSE",216,250,15.74,34,2.15,1.45,1.98,"1,100.00",1343.34,168.52,13.62,0,Axis Capital,
Supriya Lifescience Ltd. IPO,12/16/2021,12/20/2021,12/28/2021,"BSE, NSE",274,425,55.11,151,56.01,161.22,31.83,700,939.95,123.83,17.06,63.26,Axis Capital,
HP Adhesives Ltd. IPO,12/15/2021,12/17/2021,12/27/2021,"BSE, NSE",274,315,14.96,41,81.24,19.04,1.82,125.96,118.33,10.06,7.78,70.61,Unistone Capital,
Data Patterns (India) Ltd. IPO,12/14/2021,12/16/2021,12/24/2021,"BSE, NSE",585,864,47.69,279,23.14,254.22,190.86,588.22,223.95,55.42,10.96,48.65,IIFL Capital,
Medplus Health Services Ltd. IPO,12/13/2021,12/15/2021,12/23/2021,"BSE, NSE",796,1040,30.65,244,5.24,85.33,111.9,"1,398.29",3059.29,63.11,5.39,39.98,Axis Capital,
Metro Brands Ltd. IPO,12/10/2021,12/14/2021,12/22/2021,"BSE, NSE",500,436,-12.80,-64,1.13,3.02,8.49,"1,367.51",800.08,64.62,2.37,74.28,Ambit,
C.E.Info systems Ltd. IPO,12/9/2021,12/13/2021,12/21/2021,"BSE, NSE",1033,2020,95.55,987,15.2,424.69,196.36,"1,039.61",153.72,59.43,11.05,53.73,Axis Capital,
Shriram Properties Ltd. IPO,12/8/2021,12/10/2021,12/20/2021,"BSE, NSE",118,97,-17.80,-21,12.72,4.82,1.85,600.04,431.5,-68.48,Negative,27.95,Axis Capital,
Rategain Travel Technologies Ltd. IPO,12/7/2021,12/9/2021,12/17/2021,"BSE, NSE",425,360,-15.29,-65,8.08,42.04,8.42,"1,335.74",250.78,-28.58,Negative,56.09,IIFL Capital,
Anand Rathi Wealth Ltd. IPO,12/2/2021,12/6/2021,12/14/2021,"BSE, NSE",550,600,9.09,50,7.76,25.42,2.5,659.38,273.79,45.1,10.88,45.24,Anand Rathi Advisors,
Tega Industries Ltd. IPO,12/1/2021,12/3/2021,12/13/2021,"BSE, NSE",453,760,67.77,307,29.44,666.19,215.45,619.23,803.11,136.25,20.06,79.17,Axis Capital,
Star Health & Allied Insurance Co.Ltd. IPO,11/30/2021,12/2/2021,12/10/2021,"BSE, NSE",900,848,-5.78,-52,1.1,0.19,1.03,"6,018.68",9033.4,-825.4,Negative,62.83,Ambit,
Go Fashion (India) Ltd. IPO,11/17/2021,11/22/2021,11/30/2021,"BSE, NSE",690,1316,90.72,626,49.7,262.08,100.73,"1,013.61",257.37,-47.38,Negative,52.75,Dam Capital,
Tarsons Products Ltd. IPO,11/15/2021,11/17/2021,11/26/2021,"BSE, NSE",662,671,1.36,9,10.56,184.58,115.77,"1,023.54",234.34,68.96,13.78,57.06,Edelweiss Financial,
Latent View Analytics Ltd. IPO,11/10/2021,11/12/2021,11/23/2021,"BSE, NSE",197,530,169.04,333,119.44,850.66,145.48,600,315.65,91.46,10.59,67.58,Axis Capital,
Sapphire Foods India Ltd. IPO,11/9/2021,11/11/2021,11/18/2021,"BSE, NSE",1180,1379,16.86,199,8.7,3.46,7.5,"2,073.25",1023.7,-99.89,Negative,0,BOFA Securities,
One 97 Communications Ltd. IPO (Paytm IPO),11/8/2021,11/10/2021,11/18/2021,"BSE, NSE",2150,1950,-9.30,-200,1.66,0.24,2.79,"18,300.00",3186.13,-1701,Negative,0,Axis Capital,
Sigachi Industries Ltd. IPO,11/1/2021,11/3/2021,11/15/2021,"BSE, NSE",163,570,249.69,407,80.49,172.43,86.51,125.43,193.3,30.25,10.87,68.64,Unistone Capital,
PB Fintech Ltd. IPO,11/1/2021,11/3/2021,11/15/2021,"BSE, NSE",980,1710,74.49,730,3.31,7.82,24.89,"5,709.71",886.66,-298.86,Negative,14.5,Citigroup Global,
S.J.S.Enterprises Ltd. IPO,11/1/2021,11/3/2021,11/15/2021,"BSE, NSE",542,548,1.11,6,1.38,2.32,1.42,800,251.64,43.08,8.23,65.85,Axis Capital,
Fino Payments Bank Ltd. IPO,10/29/2021,11/2/2021,11/12/2021,"BSE, NSE",577,570,-1.21,-7,5.92,0.21,1.65,"1,200.29",791,20.47,2.56,75,Axis Capital,
FSN E-Commerce Ventures Ltd. IPO,10/28/2021,11/1/2021,11/10/2021,"BSE, NSE",1125,2050,82.22,925,12.24,112.02,91.18,"5,349.72",2440.89,61.95,0.27,52.36,BOFA Securities,
Aditya Birla Sun Life AMC Ltd. IPO,9/29/2021,10/1/2021,10/11/2021,"BSE, NSE",712,712,0.00,0,3.24,4.39,10.36,"2,768.26",1200.56,526.28,18.28,86.5,Axis Capital,
Paras Defence & Space Technologies Ltd. IPO,9/21/2021,9/23/2021,10/1/2021,"BSE, NSE",175,475,171.43,300,112.81,927.7,169.65,170.78,143,15.79,4.41,59.34,Anand Rathi Advisors,
Sansera Engineering Ltd. IPO,9/14/2021,9/16/2021,9/24/2021,"BSE, NSE",744,811.5,9.07,67.5,3.15,11.37,26.47,"1,282.52",1348.8,110.15,21.57,47.78,ICICI Securities,
Vijaya Diagnostic Centre Ltd. IPO,9/1/2021,9/3/2021,9/14/2021,"BSE, NSE",531,541,1.88,10,1.09,1.32,13.07,"1,894.43",376.6,84.91,8.31,59.66,Edelweiss Financial,
Ami Organics Ltd. IPO,9/1/2021,9/3/2021,9/14/2021,"BSE, NSE",610,910,49.18,300,13.36,154.81,86.64,569.64,338.4,54,14.86,41.04,Ambit,
Chemplast Sanmar Ltd. IPO,8/10/2021,8/12/2021,8/24/2021,"BSE, NSE",541,551,1.85,10,2.29,1.03,2.7,"3,850.00",1228.6,414.05,25.92,54.91,Ambit,
Aptus Value Housing Finance India Ltd. IPO,8/10/2021,8/12/2021,8/24/2021,"BSE, NSE",353,333,-5.67,-20,1.35,33.91,32.41,"2,780.05",523.5,267,6.21,66.19,Citigroup Global,
Nuvoco Vistas Corp.Ltd. IPO,8/9/2021,8/11/2021,8/23/2021,"BSE, NSE",570,421,-26.14,-149,0.73,0.66,4.23,"5,000.00",7531,-25.94,Negative,78.11,Axis Capital,
CarTrade Tech Ltd. IPO,8/9/2021,8/11/2021,8/20/2021,"BSE, NSE",1618,1600,-1.11,-18,2.75,41,35.45,"2,998.51",285.4,10.59,2.26,34.54,Axis Capital,
Krsnaa Diagnostics Ltd. IPO,8/4/2021,8/6/2021,8/16/2021,"BSE, NSE",954,1210,26.83,256,42.04,116.3,49.83,"1,213.33",660,18.52,2.96,32.49,Dam Capital,
Devyani International Ltd. IPO,8/4/2021,8/6/2021,8/16/2021,"BSE, NSE",90,141,56.67,51,39.51,213.06,95.27,"1,838.00",1198.8,-184.6,Negative,62.6,CLSA,
Exxaro Tiles Ltd. IPO,8/4/2021,8/6/2021,8/16/2021,"BSE, NSE",120,126,5.00,6,40.05,5.36,17.67,160.78,244.6,15.22,4.29,57.06,Pantomath Capital,
Rolex Rings Ltd. IPO,7/28/2021,7/30/2021,8/9/2021,"BSE, NSE",900,1250,38.89,350,24.49,360.11,143.6,731,616.32,86.95,40.52,55.1,Equirus Capital,
Glenmark Life Sciences Ltd. IPO,7/27/2021,7/29/2021,8/6/2021,"BSE, NSE",720,751,4.31,31,14.63,122.54,36.97,"1,513.60",1885.7,313.9,25.54,66.75,BOFA Securities,
Tatva Chintan Pharma Chem Ltd. IPO,7/16/2021,7/20/2021,7/29/2021,"BSE, NSE",1083,2111.85,95.00,1028.85,35.34,512.22,185.23,500,298.5,52.29,25.32,78.61,ICICI Securities,
Zomato Ltd. IPO,7/14/2021,7/16/2021,7/23/2021,"BSE, NSE",76,116,52.63,40,7.45,32.96,51.79,"9,375.00",1993.78,-816.42,Negative,0,BOFA Securities,
Clean Science & Technology Ltd. IPO,7/7/2021,7/9/2021,7/19/2021,"BSE, NSE",900,1755,95.00,855,24.97,150.84,156.37,"1,546.62",534.2,198.4,18.78,78.49,Axis Capital,
G R Infraprojects Ltd. IPO,7/7/2021,7/9/2021,7/19/2021,"BSE, NSE",837,1715,104.90,878,12.57,238.04,168.58,962.37,6423.4,811.53,16.9,76.24,Equirus Capital,
India Pesticides Ltd. IPO,6/23/2021,6/25/2021,7/5/2021,"BSE, NSE",296,360,21.62,64,11.36,51.88,42.17,800,648.5,134.7,32.4,79.23,Axis Capital,
Krishna Institute of Medical Sciences Ltd. IPO (KIMS IPO),6/16/2021,6/18/2021,6/28/2021,"BSE, NSE",825,900,9.09,75,2.9,1.89,5.27,"2,143.74",1326.88,185,23.23,38.9,Axis Capital,
Dodla Dairy Ltd. IPO,6/16/2021,6/18/2021,6/28/2021,"BSE, NSE",428,550,28.50,122,11.36,14.33,8.32,520.18,2189.77,145.22,24.47,62.06,Axis Capital,
Sona BLW Precision Forgings Ltd. IPO,6/14/2021,6/16/2021,6/24/2021,"BSE, NSE",291,302.4,3.92,11.4,2.5,0.4,3.46,"5,550.00",1566,215,3.68,59.35,Credit Suisse Securities,
Shyam Metalics & Energy Ltd. IPO,6/14/2021,6/16/2021,6/24/2021,"BSE, NSE",306,367,19.93,61,10.74,33.54,29.23,908.8,6099,685.9,27.9,88.35,Axis Capital,
Macrotech Developers Ltd. IPO,4/7/2021,4/9/2021,4/19/2021,"BSE, NSE",486,439,-9.67,-47,1.05,3.05,3.05,"2,500.00",5703.4,-2087,Negative,88.35,Axis Capital,
Barbeque-Nation Hospitality Ltd. IPO,3/24/2021,3/26/2021,4/7/2021,"BSE, NSE",500,500,0.00,0,13.13,3.1,5.11,452.87,548,-100.8,Negative,44.75,Ambit,
Suryoday Small Finance Bank Ltd. IPO,3/17/2021,3/19/2021,3/26/2021,"BSE, NSE",305,303,-0.66,-2,3.09,1.32,2.18,581.98,1118,-11.83,Negative,24.78,Axis Capital,
Nazara Technologies Ltd. IPO,3/17/2021,3/19/2021,3/30/2021,"BSE, NSE",1101,1990,80.74,889,7.52,389.86,103.77,582.69,446.8,-137.1,Negative,20.73,ICICI Securities,
Kalyan Jewellers India Ltd. IPO,3/16/2021,3/18/2021,3/26/2021,"BSE, NSE",87,73,-16.09,-14,2.62,2.76,2.14,"1,174.82",8573,-7.9,Negative,60.53,Axis Capital,
Laxmi Organic Industries Ltd. IPO,3/15/2021,3/17/2021,3/25/2021,"BSE, NSE",130,156,20.00,26,19.96,217.62,175.43,600,1351.6,82.33,6.97,73.07,Axis Capital,
Craftsman Automation Ltd. IPO,3/15/2021,3/17/2021,3/25/2021,"BSE, NSE",1490,1550,4.03,60,3.44,2.84,5.21,823.7,1051.8,5.31,2.51,60.4,Axis Capital,
Anupam Rasayan India Ltd. IPO,3/12/2021,3/16/2021,3/24/2021,"BSE, NSE",555,520,-6.31,-35,10.77,97.42,65.74,760,528,53.8,10.97,56.96,Ambit,
Easy Trip Planners Ltd. IPO,3/8/2021,3/10/2021,3/19/2021,"BSE, NSE",187,212.25,13.50,25.25,70.78,384.26,77.95,510,135,31,0.62,74.9,Axis Capital,
MTAR Technologies Ltd. IPO,3/3/2021,3/5/2021,3/15/2021,"BSE, NSE",575,1100,91.30,525,28.4,650.79,164.99,596.41,246.7,46,15.54,49.82,IIFL Capital,
Heranba Industries Ltd. IPO,2/23/2021,2/25/2021,3/5/2021,"BSE, NSE",627,699,11.48,72,11.84,271.15,67.45,625.24,974.7,97.7,24.73,74.23,Batlivala & Karani,
RailTel Corp.of India Ltd. IPO,2/16/2021,2/18/2021,2/26/2021,"BSE, NSE",94,104.45,11.12,10.45,16.78,73.25,65.14,819.24,1411,145.7,4.53,87.48,ICICI Securities,
Nureca Ltd. IPO,2/15/2021,2/17/2021,2/25/2021,"BSE, NSE",400,630,57.50,230,166.44,31.59,3.86,100,122.9,6,3.29,70.88,ITI Capital,
Stove Kraft Ltd. IPO,1/25/2021,1/28/2021,2/5/2021,"BSE, NSE",385,498,29.35,113,32.74,59.41,11.34,412.62,670.6,32.7,10.02,71.19,Edelweiss Financial,
Home First Finance Co.India Ltd. IPO,1/21/2021,1/25/2021,2/3/2021,"BSE, NSE",518,530,2.32,12,6.59,52.59,122.02,"1,153.72",431.5,79.8,10.87,34.33,Axis Capital,
Indigo Paints Ltd. IPO,1/20/2021,1/22/2021,2/2/2021,"BSE, NSE",1490,2607.5,75.00,1117.5,16,263,189,"1,169.12",625.1,47.8,10.05,54,Edelweiss Financial,
Indian Railway Finance Corp.Ltd. IPO (IRFC IPO),1/18/2021,1/20/2021,1/29/2021,"BSE, NSE",26,26,0.00,0,3.61,2.67,3.78,"4,633.38",13421,3694.6,3.57,86.36,HSBC Securities,
Radiant Cash Management Services Ltd. IPO,12/23/2022,12/27/2022,1/4/2023,"BSE, NSE",94,104,10.64,10,20.25,2.5,1.01,256.64,286.97,38.21,3.77,53.21,IIFL Capital,
Elin Electronics Ltd. IPO,12/20/2022,12/22/2022,12/30/2022,"BSE, NSE",247,244,-1.21,-3,2.2,3.29,4.51,475,1093.8,39.15,8.07,33.03,Axis Capital,
KFin Technologies Ltd. IPO,12/19/2022,12/21/2022,12/29/2022,"BSE, NSE",366,367,0.27,1,2.37,0.23,4.17,"1,500.00",486.2,148.5,8.74,44.91,ICICI Securities,
Landmark Cars Ltd. IPO,12/13/2022,12/15/2022,12/23/2022,"BSE, NSE",506,471,-6.92,-35,5.91,1.32,8.71,552,2989.1,66.2,19.34,51.71,Axis Capital,
Abans Holdings Ltd. IPO,12/12/2022,12/15/2022,12/23/2022,"BSE, NSE",270,273,1.11,3,4.41,0.08,1.01,345.6,1349.5,69.8,12.33,74.75,Aryaman Financial,
Sula Vineyards Ltd. IPO,12/12/2022,12/14/2022,12/22/2022,"BSE, NSE",357,358,0.28,1,1.65,1.7,1.07,960.35,453.9,2.54,0.29,27.39,Kotak Mahindra Capital,
Uniparts India Ltd. IPO,11/30/2022,12/2/2022,12/12/2022,"BSE, NSE",577,575,-0.35,-2,4.63,8.32,2.81,835.61,1228.9,166.9,37.07,65.88,Axis Capital,
Dharmaj Crop Guard Ltd. IPO,11/28/2022,11/30/2022,12/8/2022,"BSE, NSE",237,266,12.24,29,21.53,52.29,48.21,251.09,394,28.7,12.87,62.64,Elara Capital,
Keystone Realtors Ltd. IPO,11/14/2022,11/16/2022,11/24/2022,"BSE, NSE",541,555,2.59,14,5.09,3.03,4.09,635,1269.4,13.6,3.07,74.96,Axis Capital,
Inox Green Energy Services Ltd. IPO,11/11/2022,11/15/2022,11/23/2022,"BSE, NSE",65,60,-7.69,-5,3.86,2.05,1.06,740,169.3,-4.69,Negative,56,Edelweiss Financial,
Kaynes Technology India Ltd. IPO,11/10/2022,11/14/2022,11/22/2022,"BSE, NSE",587,778,32.54,191,21.24,21.01,14.98,857.82,706.1,45.4,9.15,63.6,Dam Capital,
Archean Chemical Industries Ltd. IPO,11/9/2022,11/11/2022,11/21/2022,"BSE, NSE",407,450,10.57,43,9.96,14.9,48.98,"1,462.30",1133,191,15.58,53.05,IIFL Capital,
Five-Star Business Finance Ltd. IPO,11/9/2022,11/11/2022,11/21/2022,"BSE, NSE",474,465,-1.90,-9,1.1,0.35,1.29,"1,588.51",1257,379.8,13.8,23.53,ICICI Securities,
Bikaji Foods International Ltd. IPO,11/3/2022,11/7/2022,11/16/2022,"BSE, NSE",300,322.8,7.60,22.8,4.77,7.73,12.06,880.86,1610.9,76.03,3.08,67.58,JM Financial,
Global Health Ltd. IPO,11/3/2022,11/7/2022,11/16/2022,"BSE, NSE",336,401,19.35,65,1.03,0.66,28.61,"2,205.57",2185.2,196.2,10.15,33.77,Kotak Mahindra Capital,
Fusion Micro Finance Ltd. IPO,11/2/2022,11/4/2022,11/15/2022,"BSE, NSE",368,359.5,-2.31,-8.5,0.51,1.38,8.59,"1,103.99",1478.7,20,2.44,59.5,ICICI Securities,
DCX Systems Ltd. IPO,10/31/2022,11/2/2022,11/11/2022,"BSE, NSE",207,287,38.65,80,61.77,43.97,84.32,500,1102.1,64.4,17.37,73.37,Edelweiss Financial,
Tracxn Technologies Ltd. IPO,10/10/2022,10/12/2022,10/20/2022,"BSE, NSE",80,83,3.75,3,4.87,8.01,2.04,309.38,63.4,0.83,0.08,35.79,IIFL Capital,
Electronics Mart India Ltd. IPO,10/4/2022,10/7/2022,10/17/2022,"BSE, NSE",59,90,52.54,31,20.8,16.99,44.74,500,4349.3,103.9,2.75,77.94,Anand Rathi Advisors,
Harsha Engineers International Ltd. IPO,9/14/2022,9/16/2022,9/26/2022,"BSE, NSE",330,450,36.36,120,17.63,71.32,178.26,755,1321.4,91.9,11.39,74.61,Axis Capital,
Tamilnad Mercantile Bank Ltd. IPO,9/5/2022,9/7/2022,9/15/2022,"BSE, NSE",510,510,0.00,0,6.41,2.94,1.06,807.84,4656.4,821.9,54.38,0,Axis Capital,
Dreamfolks Services Ltd. IPO,8/24/2022,8/26/2022,9/6/2022,"BSE, NSE",326,469,43.87,143,43.66,37.66,70.53,562.1,281,16.3,3.25,65.84,Equirus Capital,
Syrma SGS Technology Ltd. IPO,8/12/2022,8/18/2022,8/26/2022,"BSE, NSE",220,262,19.09,42,3.58,3.58,5.21,840.13,646.2,30.85,5.49,61.57,Dam Capital,
Aether Industries Ltd. IPO,5/24/2022,5/26/2022,6/3/2022,"BSE, NSE",642,704,9.66,62,1.14,2.52,17.57,808.04,603.6,103.4,9.38,87.89,HDFC Bank,
eMudhra Ltd. IPO,5/20/2022,5/24/2022,6/1/2022,"BSE, NSE",256,270,5.47,14,10.77,12.81,4.07,412.79,188.7,45.8,8.05,32.44,IIFL Capital,
Ethos Ltd. IPO,5/18/2022,5/20/2022,5/30/2022,"BSE, NSE",878,830,-5.47,-48,0.84,1.48,1.06,402.26,386.6,1.9,0.98,49.07,Emkay Global,
Paradeep Phosphates Ltd. IPO,5/17/2022,5/19/2022,5/27/2022,"BSE, NSE",42,44,4.76,2,1.37,0.22,3.06,"1,501.73",5188,362.8,4.41,56.96,Axis Capital,
Venus Pipes & Tubes Ltd. IPO,5/11/2022,5/13/2022,5/24/2022,"BSE, NSE",326,337.5,3.53,11.5,19.03,15.66,12.02,165.42,308.6,23.4,6.9,50.77,SMC Capitals,
Delhivery Ltd. IPO,5/11/2022,5/13/2022,5/24/2022,"BSE, NSE",487,495.2,1.68,8.19999999999999,0.57,0.3,2.66,"5,235.00",5504.6,-415.7,Negative,6.3,Kotak Mahindra Capital,
Prudent Corporate Advisory Services Ltd. IPO,5/10/2022,5/12/2022,5/20/2022,"BSE, NSE",630,650,3.17,20,1.24,0.99,1.25,428.28,320.1,45.4,10.92,57.06,ICICI Securities,
Life Insurance Corp.of India IPO (LIC IPO),5/4/2022,5/9/2022,5/17/2022,"BSE, NSE",949,872,-8.11,-77,1.99,2.91,2.83,"20,557.23",704443,2974.1,0.47,96.5,Axis Capital,
Rainbow Children's Medicare Ltd. IPO,4/27/2022,4/29/2022,5/10/2022,"BSE, NSE",542,540,-0.37,-2,1.38,0.55,3.22,"1,580.85",500,39.5,8.12,49.8,Kotak Mahindra Capital,
Campus Activewear Ltd. IPO,4/26/2022,4/28/2022,5/9/2022,"BSE, NSE",292,378,29.45,86,7.68,22.25,152.04,"1,399.77",710,26.8,2.2,74.13,JM Financial,
Hariom Pipe Industries Ltd. IPO,3/30/2022,4/5/2022,4/13/2022,"BSE, NSE",153,214,39.87,61,12.15,8.87,1.91,130.05,398.9,32.2,15.53,83.65,ITI Capital,
Veranda Learning Solutions Ltd. IPO,3/29/2022,3/31/2022,4/11/2022,"BSE, NSE",137,150,9.49,13,10.72,1.7,0.08,200,2.52,-8.26,Negative,56.63,Systematix Corporate,
Uma Exports Ltd. IPO,3/28/2022,3/30/2022,4/7/2022,"BSE, NSE",68,80,17.65,12,10.02,2.22,1.06,60,752.6,10.3,3.89,70.82,Corporate Capitalventures,
Vedant Fashions Ltd. IPO,2/4/2022,2/8/2022,2/16/2022,"BSE, NSE",866,936,8.08,70,0.39,1.03,7.49,"3,149.19",570.6,132.8,5.53,84.09,Axis Capital,
Adani Wilmar Ltd. IPO,1/27/2022,1/31/2022,2/8/2022,"BSE, NSE",230,227,-1.30,-3,3.92,56.3,5.73,"3,600.00",37090.4,703.7,6.37,87.94,BNP Paribas,
AGS Transact Technologies Ltd. IPO,1/19/2022,1/21/2022,1/31/2022,"BSE, NSE",175,161,-8.00,-14,3.08,25.61,2.68,680,1759.7,-18.1,Negative,68.41,HDFC Bank,
Innova Captab Ltd. IPO,12/21/2023,12/26/2023,12/29/2023,"BSE, NSE",448,452.1,0.92,4.10000000000002,17.15,64.94,116.73,570,402.73,38.21,7.55,32.22,ICICI Securities,
Azad Engineering Ltd. IPO,12/20/2023,12/22/2023,12/28/2023,"BSE, NSE",524,710,35.50,186,24.51,90.24,179.64,740,261.27,84.75,19.5,64.44,Axis Capital,
Credo Brands Marketing Ltd. IPO,12/19/2023,12/21/2023,12/27/2023,"BSE, NSE",280,381,36.07,101,7.87,55.51,104.95,549.78,498,78,12.05,33.54,Dam Capital,
Happy Forgings Ltd. IPO,12/19/2023,12/21/2023,12/27/2023,"BSE, NSE",850,1001,17.76,151,15.4,63.45,214.65,"1,008.59",1192.4,208.6,23.13,78.52,JM Financial,
RBZ Jewellers Ltd. IPO,12/19/2023,12/21/2023,12/27/2023,"BSE, NSE",100,100,0.00,0,24.74,9.27,13.43,100,289.6,27.75,5.7,75,Arihant Capital,
Motisons Jewellers Ltd. IPO,12/18/2023,12/20/2023,12/26/2023,"BSE, NSE",55,109,98.18,54,8,13.87,18.35,151.09,366.19,22.2,3.31,69,Holani Consultants,
Muthoot Microfin Ltd. IPO,12/18/2023,12/20/2023,12/26/2023,"BSE, NSE",291,291.9,0.31,0.899999999999977,135.6,311.99,135.01,960,1428.8,163.9,9.63,69.04,ICICI Securities,
Suraj Estate Developers Ltd. IPO,12/18/2023,12/20/2023,12/26/2023,"BSE, NSE",360,360,0.00,0,9.85,20.02,25.74,400,267.3,32.65,9.38,74.99,ITI Capital,
Inox India Ltd. IPO,12/14/2023,12/18/2023,12/21/2023,"BSE, NSE",660,949.65,43.89,289.65,15.3,53.2,147.8,"1,459.32",984,152.7,20.08,75,ICICI Securities,
DOMS Industries Ltd. IPO,12/13/2023,12/15/2023,12/20/2023,"BSE, NSE",790,1400,77.22,610,73.38,70.06,122.16,"1,200.00",1216.52,102.87,18.29,76.84,JM Financial,
India Shelter Finance Corp.Ltd. IPO,12/13/2023,12/15/2023,12/20/2023,"BSE, NSE",493,612.7,24.28,119.7,10.46,29.97,94.29,"1,200.00",606.3,155.3,17.38,51.69,ICICI Securities,
Tata Technologies Ltd. IPO,11/22/2023,11/24/2023,11/30/2023,"BSE, NSE",500,1200,140.00,700,16.5,62.11,203.41,"3,042.51",4501.9,624.03,15.38,53.39,JM Financial,
Flair Writing Industries Ltd. IPO,11/22/2023,11/24/2023,12/1/2023,"BSE, NSE",304,501,64.80,197,13.01,33.37,115.6,593,943.4,153.2,14.88,69.17,Nuvama Wealth Management,
Fedbank Financial Services Ltd. IPO,11/22/2023,11/24/2023,11/30/2023,"BSE, NSE",140,140,0.00,0,1.95,2.5,3.54,"1,092.26",1154.5,154.3,9.6,62.61,ICICI Securities,
Gandhar Oil Refinery (India) Ltd. IPO,11/22/2023,11/24/2023,11/30/2023,"BSE, NSE",169,298,76.33,129,28.95,62.23,129,500.69,3543,213.9,19.34,63.85,ICICI Securities,
Indian Renewable Energy Development Agency Ltd. IPO (IREDA IPO),11/21/2023,11/23/2023,11/29/2023,"BSE, NSE",32,60,87.50,28,9.94,24.16,104.57,"2,150.21",3483.7,864.9,3.5,75,IDBI Capital Markets,
ASK Automotive Ltd. IPO,11/7/2023,11/9/2023,11/15/2023,"BSE, NSE",282,303.3,7.55,21.3,5.69,35.47,142.41,833.91,2642.4,122.9,6.97,71.12,JM Financial,
Protean eGov Technologies Ltd. IPO,11/6/2023,11/8/2023,11/13/2023,BSE,792,975,23.11,183,8.93,31.22,18.26,489.95,765.8,25.2,6.24,33.56,ICICI Securities,
ESAF Small Finance Bank Ltd. IPO,11/3/2023,11/7/2023,11/10/2023,"BSE, NSE",60,60.9,1.50,0.899999999999999,16.97,84.37,173.52,463,3165.9,310.2,14.99,53.05,ICICI Securities,
Honasa Consumer Ltd. IPO,10/31/2023,11/2/2023,11/7/2023,"BSE, NSE",324,330,1.85,6,1.35,7.37,20.91,"1,701.44",1492.8,-150.9,-5.31,36.06,Kotak Mahindra Capital,
Cello World Ltd. IPO,10/30/2023,11/1/2023,11/6/2023,"BSE, NSE",648,829,27.93,181,3.21,25.65,122.2,"1,900.00",1796.7,285,13.56,79.91,Kotak Mahindra Capital,
Blue Jet Healthcare Ltd. IPO,10/25/2023,10/27/2023,11/1/2023,"BSE, NSE",346,380,9.83,34,2.24,13.59,13.72,840.27,683,160,9.82,66.44,Kotak Mahindra Capital,
IRM Energy Ltd. IPO,10/18/2023,10/20/2023,10/26/2023,"BSE, NSE",505,505,0.00,0,9.29,16.89,44.75,545,1045.9,108.2,18.42,50.5,HDFC Bank,
Plaza Wires Ltd. IPO,9/29/2023,10/5/2023,10/12/2023,"BSE, NSE",54,84,55.56,30,160.91,388.75,43.56,71.28,182.6,7.5,1.76,63.29,Pantomath Capital,
Valiant Laboratories Ltd. IPO,9/27/2023,10/3/2023,10/6/2023,"BSE, NSE",140,130,-7.14,-10,16.03,24.3,21.04,152.46,333.1,29,6.75,74.5,Unistone Capital,
Updater Services Ltd. IPO,9/25/2023,9/27/2023,10/4/2023,"BSE, NSE",300,289.9,-3.37,-10.1,1.38,5.62,2.64,640,2096,34.5,5.39,60.55,IIFL Capital,
JSW Infrastructure Ltd. IPO,9/25/2023,9/27/2023,10/3/2023,"BSE, NSE",119,143,20.17,24,15.43,84.41,57.09,"2,800.00",3373.4,748.8,3.58,66.07,JM Financial,
Manoj Vaibhav Gems 'N' Jewellers Ltd. IPO,9/22/2023,9/26/2023,10/3/2023,"BSE, NSE",215,230,6.98,15,10.93,4.29,1.06,270.2,2042.8,75.8,6.59,71.99,Bajaj Capital,
Signatureglobal (India) Ltd. IPO,9/20/2023,9/22/2023,9/27/2023,"BSE, NSE",385,385,0.00,0,7.17,12.87,13.34,730,158.5,-69,-5.61,69.76,ICICI Securities,
Sai Silks (Kalamandir) Ltd. IPO,9/20/2023,9/22/2023,9/27/2023,"BSE, NSE",222,199,-10.36,-23,5.09,3.28,1.1,"1,201.00",1341.3,97.6,6.48,75.47,Motilal Oswal Investment,
Yatra Online Ltd. IPO,9/15/2023,9/20/2023,9/28/2023,"BSE, NSE",142,140,-1.41,-2,2.09,0.84,12.56,775,398,7.6,0.5,2.56,SBICAP,
Zaggle Prepaid Ocean Services Ltd. IPO,9/14/2023,9/18/2023,9/22/2023,"BSE, NSE",164,164,0.00,0,6.08,1.48,6.44,563.38,552.4,41.9,3.61,32.9,ICICI Securities,
SAMHI Hotels Ltd. IPO,9/14/2023,9/18/2023,9/22/2023,"BSE, NSE",126,134.5,6.75,8.5,1.11,2.05,8.76,"1,370.10",699.7,-334.8,Negative,44.59,JM Financial,
R R Kabel Ltd. IPO,9/13/2023,9/15/2023,9/20/2023,"BSE, NSE",1035,1180,14.01,145,2.13,8.32,17.36,"1,964.01",5633.64,189.87,18.66,60.83,Axis Capital,
EMS Ltd. IPO,9/8/2023,9/12/2023,9/21/2023,"BSE, NSE",211,282.05,33.67,71.05,30.55,84.39,149.98,321.25,363.3,108.6,18.39,69.65,Khambatta Securities,
Jupiter Life Line Hospitals Ltd. IPO,9/6/2023,9/8/2023,9/18/2023,"BSE, NSE",735,973,32.38,238,7.73,36.03,80.99,869.08,892.5,72.9,11.57,34.19,ICICI Securities,
Ratnaveer Precision Engineering Ltd. IPO,9/4/2023,9/6/2023,9/11/2023,"BSE, NSE",98,123,25.51,25,53.95,135.21,103.16,165.03,479.7,25.04,5.26,68.61,Unistone Capital,
Rishabh Instruments Ltd. IPO,8/30/2023,9/1/2023,9/11/2023,"BSE, NSE",441,460,4.31,19,8.44,31.29,72.8,490.78,569.5,49.7,14.12,49.97,Dam Capital,
Vishnu Prakash R.Punglia Ltd. IPO,8/24/2023,8/28/2023,9/5/2023,"BSE, NSE",99,165,66.67,66,32.01,111.03,65.11,308.61,1168.4,90.5,15.52,63.3,Choice Capital,
Aeroflex Industries Ltd. IPO,8/22/2023,8/24/2023,8/31/2023,"BSE, NSE",108,197.4,82.78,89.4,34.41,126.13,194.73,351,269.5,30.1,7.6,65.8,Pantomath Capital,
Pyramid Technoplast Ltd. IPO,8/18/2023,8/22/2023,8/29/2023,"BSE, NSE",166,187,12.65,21,14.15,32.24,9.94,153.05,403.5,31.8,10.74,73.3,PNB Investment,
TVS Supply Chain Solutions Ltd. IPO,8/10/2023,8/14/2023,8/23/2023,"BSE, NSE",197,190,-3.55,-7,7.89,2.44,1.66,880,10235.3,-41.9,-1.11,44.2,JM Financial,
Concord Biotech Ltd. IPO,8/4/2023,8/8/2023,8/18/2023,"BSE, NSE",741,900,21.46,159,3.78,16.99,67.67,"1,550.52",853.1,212.7,20.37,56.09,Kotak Mahindra Capital,
SBFC Finance Ltd. IPO,8/3/2023,8/7/2023,8/16/2023,"BSE, NSE",57,92,61.40,35,10.99,51.82,203.61,"1,025.00",1152,149.7,1.76,65,ICICI Securities,
Yatharth Hospital & Trauma Care Services Ltd. IPO,7/26/2023,7/28/2023,8/7/2023,"BSE, NSE",300,304,1.33,4,8.34,34.61,21.17,686.55,520.3,65.7,7.85,65.71,Intensive Fiscal,
Netweb Technologies India Ltd. IPO,7/17/2023,7/19/2023,7/27/2023,"BSE, NSE",500,942.5,88.50,442.5,19.48,81.81,220.69,631,445.6,46.9,7.79,72.63,Equirus Capital,
Utkarsh Small Finance Bank Ltd. IPO,7/12/2023,7/14/2023,7/21/2023,"BSE, NSE",25,40,60.00,15,23.41,81.64,124.85,500,2735.6,404.5,7.47,69.04,ICICI Securities,
Senco Gold Ltd. IPO,7/4/2023,7/6/2023,7/14/2023,"BSE, NSE",317,430,35.65,113,15.46,15.7,10.7,405,4108.2,158.4,11.83,69.59,IIFL Capital,
Cyient DLM Ltd. IPO,6/27/2023,6/30/2023,7/10/2023,"BSE, NSE",265,403,52.08,138,52.17,95.87,47.75,592,832,31.7,4,66.68,Axis Capital,
ideaForge Technology Ltd. IPO,6/26/2023,6/30/2023,7/7/2023,"BSE, NSE",672,1305.1,94.21,633.1,85.1,80.58,125.81,567.24,186,31.9,8.95,25.75,JM Financial,
HMA Agro Industries Ltd. IPO,6/20/2023,6/23/2023,7/4/2023,"BSE, NSE",585,615,5.13,30,0.96,2.97,1.74,480,3143.6,124.9,24.72,81.75,Aryaman Financial,
IKIO Lighting Ltd. IPO,6/6/2023,6/8/2023,6/16/2023,"BSE, NSE",285,392.5,37.72,107.5,16.65,32.27,163.55,606.5,330.4,75.3,10.02,76.22,Motilal Oswal Investment,
Mankind Pharma Ltd. IPO,4/25/2023,4/27/2023,5/9/2023,"BSE, NSE",1080,1300,20.37,220,0.92,2.8,4.9,"4,326.36",8749.7,1311.9,32.61,77.85,Kotak Mahindra Capital,
Avalon Technologies Ltd. IPO,4/3/2023,4/6/2023,4/18/2023,"BSE, NSE",436,436,0.00,0,0.88,1.63,3.44,865,840.4,68.2,10.43,57.06,JM Financial,
Udayshivakumar Infra Ltd. IPO,3/20/2023,3/23/2023,4/3/2023,"BSE, NSE",35,35,0.00,0,14.99,10.42,4.41,66,186.4,12.1,3.57,60,Saffron Capital,
Global Surfaces Ltd. IPO,3/13/2023,3/15/2023,3/23/2023,"BSE, NSE",140,163,16.43,23,3.04,15.22,5.09,154.98,191,35,12.38,70.8,Unistone Capital,
Divgi TorqTransfer Systems Ltd. IPO,3/1/2023,3/3/2023,3/14/2023,"BSE, NSE",590,600,1.69,10,4.31,1.4,7.83,412.12,252,46.1,14.93,39.52,Inga Ventures,
Bajaj Housing Finance Ltd. IPO,9/9/2024,9/11/2024,9/16/2024,"BSE, NSE",70,150,114.29,80,7.41,43.98,222.05,"6,560.00",14024.1,1732.1,16.79,NA ,Kotak Mahindra Capital,
Baazar Style Retail Ltd. IPO,8/30/2024,9/3/2024,9/6/2024,"BSE, NSE",389,389,0.00,0,9.07,59.41,81.83,834.68,880,5.1,1.7,60,Axis Capital,
ECOS (India) Mobility & Hospitality Ltd. IPO (ECOS Mobility IPO),8/28/2024,8/30/2024,9/4/2024,"BSE, NSE",334,365,9.28,31,19.66,71.17,136.85,601.2,310.85,13.29,3.57,59.25,Equirus Capital,
Premier Energies Ltd. IPO,8/27/2024,8/29/2024,9/3/2024,"BSE, NSE",450,991,120.22,541,7.44,50.98,212.42,"2,830.40",1428.1,120.4,8.05,59.61,Kotak Mahindra Capital,
Orient Technologies Ltd. IPO,8/21/2024,8/23/2024,8/28/2024,"BSE, NSE",206,288,39.81,82,68.93,310.03,188.79,214.76,530.4,26.7,6.9,64.84,Elara Capital,
Saraswati Saree Depot Ltd. IPO,8/12/2024,8/14/2024,8/20/2024,"BSE, NSE",160,200,25.00,40,61.59,358.47,64.12,160.01,111.4,10.05,7,64.91,Unistone Capital,
Brainbees Solutions Ltd. IPO,8/6/2024,8/8/2024,8/13/2024,"BSE, NSE",465,651,40.00,186,2.31,4.68,19.3,"4,193.73",5632.5,-484,Negative,26.12,Kotak Mahindra Capital,
Ola Electric Mobility Ltd. IPO,8/2/2024,8/6/2024,8/9/2024,"BSE, NSE",76,76,0.00,0,4.05,2.51,5.53,"6,145.56",2634.3,-1472,Negative,35.45,Kotak Mahindra Capital,
Emcure Pharmaceuticals Ltd. IPO,7/3/2024,7/5/2024,7/10/2024,"BSE, NSE",1008,1325.05,31.45,317.05,7.36,49.32,191.24,"1,952.03",6031.5,244.7,14.28,53.3,Kotak Mahindra Capital,
Stanley Lifestyles Ltd. IPO,6/21/2024,6/25/2024,6/28/2024,"BSE, NSE",369,499.8,35.45,130.8,19.08,121.42,215.62,537.02,419,23.22,4.48,67.43,Axis Capital,
DEE Development Engineers Ltd. IPO,6/19/2024,6/21/2024,6/26/2024,"BSE, NSE",203,300,47.78,97,23.66,149.38,206.54,418.01,595.5,12.9,2.15,64.3,SBICAP,
Kronox Lab Sciences Ltd. IPO,6/3/2024,6/5/2024,6/10/2024,"BSE, NSE",136,167,22.79,31,54.24,301.92,89.03,130.15,95.59,16.62,3.29,74.88,Pantomath Capital,
Awfis Space Solutions Ltd. IPO,5/22/2024,5/27/2024,5/30/2024,"BSE, NSE",383,432.25,12.86,49.25,53.23,129.27,116.95,598.93,633.7,-46.5,Negative,25.92,ICICI Securities,
Go Digit General Insurance Ltd. IPO,5/15/2024,5/17/2024,5/23/2024,"BSE, NSE",272,286,5.15,14,4.27,7.24,12.56,"2,614.65",5436.4,-78,Negative,18.57,ICICI Securities,
TBO Tek Ltd. IPO,5/8/2024,5/10/2024,5/15/2024,"BSE, NSE",920,1426,55.00,506,25.72,50.6,125.51,"1,550.81",1064,148.5,17.5,51.27,Axis Capital,
Aadhar Housing Finance Ltd. IPO,5/8/2024,5/10/2024,5/15/2024,"BSE, NSE",315,314.3,-0.22,-0.699999999999989,2.58,17.33,76.42,"3,000.00",1703.1,545.4,16.09,85.6,ICICI Securities,
Indegene Ltd. IPO,5/6/2024,5/8/2024,5/13/2024,"BSE, NSE",452,659.8,45.97,207.8,7.86,55.91,192.72,"1,841.76",2305.6,266.3,9.32,60.54,Kotak Mahindra Capital,
JNK India Ltd. IPO,4/23/2024,4/25/2024,4/30/2024,"BSE, NSE",415,621,49.64,206,4.2,23.8,74.4,649.47,407.3,46.4,12.18,74.52,IIFL Capital,
Bharti Hexacom Ltd. IPO,4/3/2024,4/5/2024,4/12/2024,"BSE, NSE",570,755,32.46,185,2.83,10.52,48.57,"4,275.00",6719.2,378.1,7.56,70.43,SBICAP,
SRM Contractors Ltd. IPO,3/26/2024,3/28/2024,4/3/2024,"BSE, NSE",210,215.25,2.50,5.25,46.97,214.94,59.59,130.2,862,59.4,10.02,59.98,Interactive Financial,
Krystal Integrated Services Ltd. IPO,3/14/2024,3/18/2024,3/21/2024,"BSE, NSE",715,795,11.19,80,3.42,45.23,7.32,300.12,707.9,38.4,16.96,68.52,Inga Ventures,
Popular Vehicles & Services Ltd. IPO,3/12/2024,3/14/2024,3/19/2024,"BSE, NSE",295,289,-2.03,-6,1.07,0.67,1.92,601.55,4875.5,64.1,9.64,59.48,ICICI Securities,
Gopal Snacks Ltd. IPO,3/6/2024,3/11/2024,3/14/2024,"BSE, NSE",401,350,-12.72,-51,4.22,10,18.42,650,1394,112.3,11.39,67.46,Intensive Fiscal,
J.G.Chemicals Ltd. IPO,3/5/2024,3/7/2024,3/13/2024,"BSE, NSE",221,215,-2.71,-6,18.03,47.92,32.33,251.19,788,75.1,22.46,70.85,Centrum Capital,
R K SWAMY Ltd. IPO,3/4/2024,3/6/2024,3/12/2024,"BSE, NSE",288,250,-13.19,-38,33.31,34.24,20.58,423.56,299.9,31.1,8.07,59.11,SBICAP,
Mukka Proteins Ltd. IPO,2/29/2024,3/4/2024,3/7/2024,"BSE, NSE",28,44,57.14,16,58.52,250.39,189.28,224,1260.6,120.1,6.91,58.59,Fedex Securities,
Exicom Tele-Systems Ltd. IPO,2/27/2024,2/29/2024,3/5/2024,"BSE, NSE",142,264,85.92,122,124.27,159.29,124.82,429,775.3,27.5,3.5,69.76,Monarch Networth Capital,
Platinum Industries Ltd. IPO,2/27/2024,2/29/2024,3/5/2024,"BSE, NSE",171,216,26.32,45,50.92,141.79,151,235.32,468.5,38,10.15,94.75,Unistone Capital,
GPT Healthcare Ltd. IPO,2/22/2024,2/26/2024,2/29/2024,"BSE, NSE",186,215,15.59,29,2.44,11.02,17.3,525.14,361,41.7,4.94,67.24,JM Financial,
Juniper Hotels Ltd. IPO,2/21/2024,2/23/2024,2/28/2024,"BSE, NSE",360,365,1.39,5,1.31,0.89,3.11,"1,800.00",668.5,-1.5,Negative,35.09,JM Financial,
Vibhor Steel Tubes Ltd. IPO,2/13/2024,2/15/2024,2/20/2024,"BSE, NSE",151,425,181.46,274,201.52,772.49,191.41,72.17,1113.8,21.1,10.2,88.59,Khambatta Securities,
Entero Healthcare Solutions Ltd. IPO,2/9/2024,2/13/2024,2/16/2024,"BSE, NSE",1258,1245,-1.03,-13,1.33,0.22,2.28,"1,600.00",3300,-30.1,Negative,77.29,ICICI Securities,
Jana Small Finance Bank Ltd. IPO,2/7/2024,2/9/2024,2/14/2024,"BSE, NSE",414,396,-4.35,-18,5.7,26.13,39.81,570,4749.8,255.9,12.34,25.1,Axis Capital,
Capital Small Finance Bank Ltd. IPO,2/7/2024,2/9/2024,2/14/2024,"BSE, NSE",468,234,-50.00,-234,2.6,4.23,6.86,523.07,725.5,93.6,26.15,27.97,Nuvama Wealth Management,
Rashi Peripherals Ltd. IPO,2/7/2024,2/9/2024,2/14/2024,"BSE, NSE",311,339.5,9.16,28.5,11.01,66.15,151.45,600,9454,123.7,22.84,51.01,JM Financial,
Apeejay Surrendra Park Hotels Ltd. IPO,2/5/2024,2/7/2024,2/12/2024,"BSE, NSE",155,187,20.65,32,32,55.26,79.23,920,506,48.2,2.31,37.18,JM Financial,
BLS E-Services Ltd. IPO,1/30/2024,2/1/2024,2/6/2024,"BSE, NSE",135,309,128.89,174,236.53,300.05,123.3,309.29,243.6,20.3,2.75,65.82,Unistone Capital,
Nova AgriTech Ltd. IPO,1/23/2024,1/25/2024,1/31/2024,"BSE, NSE",41,55,34.15,14,80.2,233.03,81.13,143.81,210.6,20.5,3.1,61.01,Keynote Financial,
EPACK Durable Ltd. IPO,1/19/2024,1/24/2024,1/30/2024,"BSE, NSE",230,225,-2.17,-5,6.5,29.07,25.59,640.05,1539.9,31.9,4.5,64.47,Axis Capital,
Medi Assist Healthcare Services Ltd. IPO,1/15/2024,1/17/2024,1/23/2024,"BSE, NSE",418,465,11.24,47,3.19,14.85,40.14,"1,171.58",516.4,74.3,10.43,49.79,Axis Bank,
Jyoti CNC Automation Ltd. IPO,1/9/2024,1/11/2024,1/16/2024,"BSE, NSE",331,370,11.78,39,27.5,38.33,46.37,"1,000.00",935.3,15,1.7,65.98,Equirus Capital,
Sudeep Pharma Ltd. IPO,11/21/2025,11/25/2025,11/28/2025,"BSE, NSE",593,730,23.10,137,15.65,116.72,213.08,895,350.20,46.40,13.62,69.96,ICICI Securities,
Excelsoft Technologies Ltd. IPO,11/19/2025,11/21/2025,11/26/2025,"BSE, NSE",120,135,12.50,15,16.44,107.04,50.06,500,110.10,11.20,8.01,49.72,Anand Rathi Advisors,
Capillary Technologies India Ltd. IPO,11/14/2025,11/18/2025,11/21/2025,"BSE, NSE",577,571.9,-0.88,-5.10000000000002,15.85,69.85,57.3,877.5,344.00,-29.00,Negative,26.83,JM Financial,
Fujiyama Power Systems Ltd. IPO,11/13/2025,11/17/2025,11/20/2025,"BSE, NSE",228,220,-3.51,-8,1.05,0.92,5.24,828,45.60,3.50,2.31,74.98,Motilal Oswal Investment,
Tenneco Clean Air India Ltd. IPO,11/12/2025,11/14/2025,11/19/2025,"BSE, NSE",397,505,27.20,108,5.37,42.79,174.78,"3,600.00","1,800.00",70.00,10.00,NA ,JM Financial,
PhysicsWallah Ltd. IPO,11/11/2025,11/13/2025,11/18/2025,"BSE, NSE",109,145,33.03,36,1.14,0.51,2.86,"3,480.00",798.00,104.00,NA,NA ,Kotak Mahindra Capital,
Emmvee Photovoltaic Power Ltd. IPO,11/11/2025,11/13/2025,11/18/2025,"BSE, NSE",217,217,0.00,0,1.1,0.3,1.26,"2,900.00","1,111.00",56.00,8.23,69.00,JM Financial,
Pine Labs Ltd. IPO,11/7/2025,11/11/2025,11/14/2025,"BSE, NSE",221,242,9.50,21,1.27,0.3,3.97,"3,900.17","1,288.70",-226.70,Negative,NA,Axis Capital,
Billionbrains Garage Ventures Ltd. IPO (Groww IPO),11/4/2025,11/7/2025,11/12/2025,"BSE, NSE",100,112,12.00,12,9.43,14.2,22.02,"6,632.30","1,277.50",448.70,NA,NA,Kotak Mahindra Capital,
Lenskart Solutions Ltd. IPO,10/31/2025,11/4/2025,11/10/2025,"BSE, NSE",402,395,-1.74,-7,7.56,18.23,40.36,"7,278.02","3,788.20",-64.50,Negative,NA,Kotak Mahindra Capital,
Studds Accessories Ltd. IPO,10/30/2025,11/3/2025,11/7/2025,"BSE, NSE",585,565,-3.42,-20,22.08,76.99,159.99,455.49,473.00,50.00,7.20,70.70,IIFL Capital,
Orkla India Ltd. IPO,10/29/2025,10/31/2025,11/6/2025,"BSE, NSE",730,750.1,2.75,20.1,7.06,54.42,117.63,"1,667.54","2,206.00",239.00,NA,NA,ICICI Securities,
Midwest Ltd. IPO,10/15/2025,10/17/2025,10/24/2025,"BSE, NSE",1065,1165,9.39,100,25.52,176.57,146.99,451.1,111.90,13.50,5.91,99.99,Dam Capital,
Canara HSBC Life Insurance Co.Ltd. IPO,10/10/2025,10/14/2025,10/17/2025,"BSE, NSE",106,106,0.00,0,0.42,0.33,7.05,"2,517.50","11,460.00",239.00,NA,NA,SBICAP,
Rubicon Research Ltd. IPO,10/9/2025,10/13/2025,10/16/2025,"BSE, NSE",485,620.1,27.86,135.1,37.4,102.7,137.09,"1,377.68",215.80,32.40,9.36,75.00,Axis Capital,
Canara Robeco Asset Management Co.Ltd. IPO,10/9/2025,10/13/2025,10/16/2025,"BSE, NSE",266,280.25,5.36,14.25,1.91,6.45,25.92,"1,326.13",515.20,191.00,NA,NA,SBICAP,
LG Electronics India Ltd. IPO,10/7/2025,10/9/2025,10/14/2025,"BSE, NSE",1140,1710.1,50.01,570.1,3.55,22.44,166.51,"11,607.01","16,000.00","1,000.00",NA,NA ,Morgan Stanley,
Tata Capital Ltd. IPO,10/6/2025,10/8/2025,10/13/2025,"BSE, NSE",326,330,1.23,4,1.1,1.98,3.42,"15,511.87","13,634.30","2,943.80",NA,NA ,Kotak Mahindra Capital,
WeWork India Management Ltd. IPO,10/3/2025,10/7/2025,10/10/2025,"BSE, NSE",648,650,0.31,2,0.62,0.23,1.79,"3,000.00","1,400.00",-20.00,NA,NA ,JM Financial,
Advance Agrolife Ltd. IPO,9/30/2025,10/3/2025,10/8/2025,"BSE, NSE",100,114,14.00,14,23.14,175.3,27.31,192.86,120.40,8.50,3.00,71.00,Choice Capital,
Om Freight Forwarders Ltd. IPO,9/29/2025,10/3/2025,10/8/2025,"BSE, NSE",135,82.5,-38.89,-52.5,2.77,7.39,3.97,122.31,420.20,14.50,3.58,70.00,Smart Horizon Capital,
Fabtech Technologies Ltd. IPO,9/29/2025,10/1/2025,10/7/2025,"BSE, NSE",191,192,0.52,1,2.09,1.97,2.02,230.3,150.80,10.00,5.70,60.00,Unistone Capital,
Glottis Ltd. IPO,9/29/2025,10/1/2025,10/7/2025,"BSE, NSE",129,84,-34.88,-45,1.47,3.08,1.84,307,50.20,5.30,3.50,74.90,Pantomath Capital,
Pace Digitek Ltd. IPO,9/26/2025,9/30/2025,10/6/2025,"BSE, NSE",219,226.85,3.58,7.84999999999999,1.09,3.06,1.69,819.15,175.60,10.20,2.80,73.00,Unistone Capital,
Jinkushal Industries Ltd. IPO,9/25/2025,9/29/2025,10/3/2025,"BSE, NSE",121,125,3.31,4,47.04,146.39,35.7,116.15,150.00,9.00,3.50,74.50,GYR Capital,
Trualt Bioenergy Ltd. IPO,9/25/2025,9/29/2025,10/3/2025,"BSE, NSE",496,545.4,9.96,49.4,11.5,103.04,165.16,839.28,190.50,12.00,4.00,60.00,Dam Capital,
Epack Prefab Technologies Ltd. IPO,9/24/2025,9/26/2025,10/1/2025,"BSE, NSE",204,183.85,-9.88,-20.15,1.74,3.79,5.09,504,450.00,25.00,5.50,65.00,Monarch Networth Capital,
BMW Ventures Ltd. IPO,9/24/2025,9/26/2025,10/1/2025,"BSE, NSE",99,78,-21.21,-21,0.99,3.03,3.09,231.66,130.00,11.00,3.80,72.00,Sarthi Capital,
Jain Resource Recycling Ltd. IPO,9/24/2025,9/26/2025,10/1/2025,"BSE, NSE",232,265.05,14.25,33.05,3.81,5.59,26.67,"1,250.00",250.00,18.00,4.20,74.50,Dam Capital,
Jaro Institute of Technology Management & Research Ltd. IPO,9/23/2025,9/25/2025,9/30/2025,"BSE, NSE",890,890,0.00,0,9.15,37.32,37.19,450,115.60,15.50,6.50,75.00,Nuvama Wealth Management,
Anand Rathi Share & Stock Brokers Ltd. IPO,9/23/2025,9/25/2025,9/30/2025,"BSE, NSE",414,432,4.35,18,5.11,30.16,46.25,745.64,499.00,149.00,35.70,50.31,Nuvama Wealth Management,
Solarworld Energy Solutions Ltd. IPO,9/23/2025,9/25/2025,9/30/2025,"BSE, NSE",351,388.5,10.68,37.5,51.69,68.21,74.24,490,150.00,9.50,3.20,74.50,Nuvama Wealth Management,
Seshaasai Technologies Ltd. IPO,9/23/2025,9/25/2025,9/30/2025,"BSE, NSE",423,432,2.13,9,9.46,51.43,189.49,813.28,210.30,12.50,4.00,70.00,IIFL Capital,
Atlanta Electricals Ltd. IPO,9/22/2025,9/24/2025,9/29/2025,"BSE, NSE",754,857,13.66,103,10.76,55.82,194.77,687.85,180.50,11.50,3.80,75.00,Motilal Oswal Investment,
Ganesh Consumer Products Ltd. IPO,9/22/2025,9/24/2025,9/29/2025,"BSE, NSE",322,296.05,-8.06,-25.95,1.17,4.41,4.03,408.8,600.00,30.00,5.00,70.00,Dam Capital,
Saatvik Green Energy Ltd. IPO,9/19/2025,9/23/2025,9/26/2025,"BSE, NSE",465,465,0.00,0,2.81,10.57,11.41,900.2,800.00,45.00,7.00,74.99,Dam Capital,
GK Energy Ltd. IPO,9/19/2025,9/23/2025,9/26/2025,"BSE, NSE",153,171,11.76,18,21.78,128.56,193.01,464.26,120.00,8.00,3.10,74.00,IIFL Capital,
Ivalue Infosolutions Ltd. IPO,9/18/2025,9/22/2025,9/25/2025,"BSE, NSE",299,285,-4.68,-14,1.28,1.26,3.18,560.29,"1,150.00",60.00,9.50,70.00,IIFL Capital,
VMS TMT Ltd. IPO,9/17/2025,9/19/2025,9/24/2025,"BSE, NSE",99,105,6.06,6,47.85,227.08,120.8,148.5,200.00,14.00,4.50,74.50,Arihant Capital,
Euro Pratik Sales Ltd. IPO,9/16/2025,9/18/2025,9/23/2025,"BSE, NSE",247,273.45,10.71,26.45,1.31,2.02,1.1,451.31,280.00,19.00,6.20,74.90,Axis Capital,
Shringar House of Mangalsutra Ltd. IPO,9/10/2025,9/12/2025,9/17/2025,"BSE, NSE",165,188.5,14.24,23.5,27.26,82.58,101.41,400.95,160.00,10.00,3.00,74.90,Choice Capital,
Dev Accelerator Ltd. IPO,9/10/2025,9/12/2025,9/17/2025,"BSE, NSE",61,61.3,0.49,0.299999999999997,164.89,87.97,20.3,143.35,110.00,9.00,3.60,74.50,Pantomath Capital,
Amanta Healthcare Ltd. IPO,9/1/2025,9/3/2025,9/9/2025,"BSE, NSE",126,135,7.14,9,54.96,209.4,35.86,126,390.00,40.00,10.50,70.00,Beeline Capital,
Anlon Healthcare Ltd. IPO,8/26/2025,8/29/2025,9/3/2025,"BSE, NSE",91,92,1.10,1,47.26,10.61,1.07,121.03,140.00,8.50,3.10,74.90,Interactive Financial,
Vikran Engineering Ltd. IPO,8/26/2025,8/29/2025,9/3/2025,"BSE, NSE",97,99.7,2.78,2.7,11.56,61.77,20.51,772,210.00,12.00,4.00,70.00,Pantomath Capital,
Mangal Electrical Industries Ltd. IPO,8/20/2025,8/22/2025,8/28/2025,"BSE, NSE",561,556,-0.89,-5,5.09,19.78,11.09,400,250.00,16.00,5.00,74.50,Systematix Corporate,
Vikram Solar Ltd. IPO,8/19/2025,8/21/2025,8/26/2025,"BSE, NSE",332,338,1.81,6,7.98,52.87,145.1,"2,079.37","2,200.00",-160.00,Negative,72.00,JM Financial,
Shreeji Shipping Global Ltd. IPO,8/19/2025,8/21/2025,8/26/2025,"BSE, NSE",252,271.85,7.88,19.85,21.92,72.7,110.41,410.71,180.00,15.00,5.50,74.50,Beeline Capital,
Patel Retail Ltd. IPO,8/19/2025,8/21/2025,8/26/2025,"BSE, NSE",255,300,17.65,45,42.55,108.11,272.14,242.66,130.00,7.50,2.80,74.90,Fedex Securities,
Gem Aromatics Ltd. IPO,8/19/2025,8/21/2025,8/26/2025,"BSE, NSE",325,333.1,2.49,8.10000000000002,10.49,45.96,53.76,451.25,220.00,14.00,4.20,70.00,Motilal Oswal Investment,
Regaal Resources Ltd. IPO,8/12/2025,8/14/2025,8/20/2025,"BSE, NSE",102,141,38.24,39,57.75,356.72,190.96,306,150.00,11.00,3.80,74.50,Pantomath Capital,
BlueStone Jewellery & Lifestyle Ltd. IPO,8/11/2025,8/13/2025,8/19/2025,"BSE, NSE",517,510,-1.35,-7,1.38,0.57,4.25,"1,540.65",486.00,-41.80,Negative,35.00,Axis Capital,
All Time Plastics Ltd. IPO,8/7/2025,8/11/2025,8/14/2025,"BSE, NSE",275,314.3,14.29,39.3,5.36,14.01,10.3,400.6,400.00,28.00,6.50,70.00,Intensive Fiscal,
JSW Cement Ltd. IPO,8/7/2025,8/11/2025,8/14/2025,"BSE, NSE",147,153.5,4.42,6.5,1.91,11.6,16.71,"3,600.00","10,480.00",400.00,NA,NA,JM Financial,
Highway Infrastructure Ltd. IPO,8/5/2025,8/7/2025,8/12/2025,"BSE, NSE",70,117,67.14,47,164.48,473.1,432.71,130,450.00,35.00,7.50,74.00,Pantomath Capital,
Sri Lotus Developers & Realty Ltd. IPO,7/30/2025,8/1/2025,8/6/2025,"BSE, NSE",150,178,18.67,28,21.77,61.82,175.61,792,160.00,12.00,4.00,74.50,Motilal Oswal Investment,
National Securities Depository Ltd. IPO (NSDL IPO),7/30/2025,8/1/2025,8/6/2025,BSE,800,880,10.00,80,7.76,34.98,103.97,"4,010.95","1,050.00",230.00,NA,NA ,ICICI Securities,
M&B Engineering Ltd. IPO,7/30/2025,8/1/2025,8/6/2025,"BSE, NSE",385,385,0.00,0,34.36,40.22,38.63,650,170.00,10.50,3.50,74.90,Equirus Capital,
Aditya Infotech Ltd. IPO,7/29/2025,7/31/2025,8/5/2025,"BSE, NSE",675,1015,50.37,340,53.81,75.93,140.5,"1,300.00",550.00,30.00,5.00,70.00,ICICI Securities,
Laxmi India Finance Ltd. IPO,7/29/2025,7/31/2025,8/5/2025,"BSE, NSE",158,137.52,-12.96,-20.48,2.2,1.83,1.3,254.26,130.00,8.00,2.90,74.50,PL Capital,
Shanti Gold International Ltd. IPO,7/25/2025,7/29/2025,8/1/2025,"BSE, NSE",199,227.55,14.35,28.55,29.73,151.17,117.33,360.11,200.00,12.00,4.00,74.90,Choice Capital,
GNG Electronics Ltd. IPO,7/23/2025,7/25/2025,7/30/2025,"BSE, NSE",237,355,49.79,118,47.36,226.44,266.21,460.43,140.00,8.50,3.10,74.00,Motilal Oswal Investment,
Indiqube Spaces Ltd. IPO,7/23/2025,7/25/2025,7/30/2025,"BSE, NSE",237,216,-8.86,-21,13.28,8.68,15.12,700,700.00,40.00,NA,NA ,ICICI Securities,
Anthem Biosciences Ltd. IPO,7/14/2025,7/16/2025,7/21/2025,"BSE, NSE",570,723.05,26.85,153.05,5.98,44.7,192.8,"3,395.00",910.00,120.00,18.00,70.00,JM Financial,
Smartworks Coworking Spaces Ltd. IPO,7/10/2025,7/14/2025,7/17/2025,"BSE, NSE",407,435,6.88,28,3.69,23.68,24.92,582.56,790.00,-14.00,Negative,56.00,JM Financial,
Travel Food Services Ltd. IPO,7/7/2025,7/9/2025,7/14/2025,"BSE, NSE",1100,1125,2.27,25,0.73,1.67,8.1,"2,000.00","1,250.00",80.00,12.00,58.00,Kotak Mahindra Capital,
Indogulf Cropsciences Ltd. IPO,6/26/2025,6/30/2025,7/3/2025,"BSE, NSE",111,111,0.00,0,14.97,49.06,31.73,200,580.00,45.00,8.00,74.50,Systematix Corporate,
HDB Financial Services Ltd. IPO,6/25/2025,6/27/2025,7/2/2025,"BSE, NSE",740,835,12.84,95,1.51,10.55,58.64,"12,500.00","12,410.00","1,957.50",NA,NA ,BNP Paribas,
Sambhv Steel Tubes Ltd. IPO,6/25/2025,6/27/2025,7/2/2025,"BSE, NSE",82,110,34.15,28,8.56,33.88,66.36,540,320.00,20.00,4.50,74.90,Nuvama Wealth Management,
Ellenbarrie Industrial Gases Ltd. IPO,6/24/2025,6/26/2025,7/1/2025,"BSE, NSE",400,486,21.50,86,2.14,15.21,64.23,852.53,160.00,9.00,3.20,74.90,Motilal Oswal Investment,
Globe Civil Projects Ltd. IPO,6/24/2025,6/26/2025,7/1/2025,"BSE, NSE",71,90,26.76,19,53.67,143.14,82.13,119,230.00,15.00,5.00,74.50,Mefcom Capital,
Arisinfra Solutions Ltd. IPO,6/18/2025,6/20/2025,6/25/2025,"BSE, NSE",222,205,-7.66,-17,5.9,3.32,1.5,499.6,110.00,7.50,2.70,74.00,JM Financial,
Oswal Pumps Ltd. IPO,6/13/2025,6/17/2025,6/20/2025,"BSE, NSE",614,634,3.26,20,3.6,36.7,88.08,"1,387.34",190.00,11.00,3.60,74.50,IIFL Capital,
